Datetime,Water Level (m)
2025-04-09 12:00:00,0.28130642
2025-04-09 13:00:00,0.18176064
2025-04-09 14:00:00,0.023380743
2025-04-09 15:00:00,-0.04640476
2025-04-09 16:00:00,-0.07195368
2025-04-09 17:00:00,-0.0935914
2025-04-09 18:00:00,-0.11225587
2025-04-09 19:00:00,-0.09235945
2025-04-09 20:00:00,0.0665672
2025-04-09 21:00:00,0.25360867
2025-04-09 22:00:00,0.38205516
2025-04-09 23:00:00,0.43004727
2025-04-10 00:00:00,0.42753783
2025-04-10 01:00:00,0.33192196
2025-04-10 02:00:00,0.17089349
2025-04-10 03:00:00,0.079920046
2025-04-10 04:00:00,0.04592819
2025-04-10 05:00:00,0.011825376
2025-04-10 06:00:00,-0.023838809
2025-04-10 07:00:00,-0.058104265
2025-04-10 08:00:00,-0.009311236
2025-04-10 09:00:00,0.21048912
2025-04-10 10:00:00,0.3918937
2025-04-10 11:00:00,0.49181917
2025-04-10 12:00:00,0.5120771
2025-04-10 13:00:00,0.4641514
2025-04-10 14:00:00,0.30680004
2025-04-10 15:00:00,0.16391456
2025-04-10 16:00:00,0.11736938
2025-04-10 17:00:00,0.08807442
2025-04-10 18:00:00,0.051230747
2025-04-10 19:00:00,0.0139897885
2025-04-10 20:00:00,0.056589656
2025-04-10 21:00:00,0.2919044
2025-04-10 22:00:00,0.47788152
2025-04-10 23:00:00,0.5734944
2025-04-11 00:00:00,0.5922133
2025-04-11 01:00:00,0.5426534
2025-04-11 02:00:00,0.3853195
2025-04-11 03:00:00,0.24019817
2025-04-11 04:00:00,0.18122259
2025-04-11 05:00:00,0.14371671
2025-04-11 06:00:00,0.10345655
2025-04-11 07:00:00,0.058757447
2025-04-11 08:00:00,0.041216407
2025-04-11 09:00:00,0.23525932
2025-04-11 10:00:00,0.45825672
2025-04-11 11:00:00,0.6031527
2025-04-11 12:00:00,0.6508195
2025-04-11 13:00:00,0.63291645
2025-04-11 14:00:00,0.5074138
2025-04-11 15:00:00,0.3348117
2025-04-11 16:00:00,0.24309759
2025-04-11 17:00:00,0.20129581
2025-04-11 18:00:00,0.16069005
2025-04-11 19:00:00,0.1183395
2025-04-11 20:00:00,0.09033856
2025-04-11 21:00:00,0.24103566
2025-04-11 22:00:00,0.47614956
2025-04-11 23:00:00,0.6342078
2025-04-12 00:00:00,0.68484324
2025-04-12 01:00:00,0.6742132
2025-04-12 02:00:00,0.55668306
2025-04-12 03:00:00,0.37439132
2025-04-12 04:00:00,0.27523556
2025-04-12 05:00:00,0.22897065
2025-04-12 06:00:00,0.18624143
2025-04-12 07:00:00,0.14106931
2025-04-12 08:00:00,0.0996978
2025-04-12 09:00:00,0.18313824
2025-04-12 10:00:00,0.44147435
2025-04-12 11:00:00,0.6366802
2025-04-12 12:00:00,0.7164457
2025-04-12 13:00:00,0.71229094
2025-04-12 14:00:00,0.63237023
2025-04-12 15:00:00,0.4639433
2025-04-12 16:00:00,0.339684
2025-04-12 17:00:00,0.28399754
2025-04-12 18:00:00,0.23676983
2025-04-12 19:00:00,0.18988955
2025-04-12 20:00:00,0.13958041
2025-04-12 21:00:00,0.15051211
2025-04-12 22:00:00,0.39700738
2025-04-12 23:00:00,0.60583156
2025-04-13 00:00:00,0.7126645
2025-04-13 01:00:00,0.7212516
2025-04-13 02:00:00,0.6427628
2025-04-13 03:00:00,0.45427564
2025-04-13 04:00:00,0.32204542
2025-04-13 05:00:00,0.26532426
2025-04-13 06:00:00,0.221263
2025-04-13 07:00:00,0.17633688
2025-04-13 08:00:00,0.12653624
2025-04-13 09:00:00,0.113073364
2025-04-13 10:00:00,0.32890123
2025-04-13 11:00:00,0.5625295
2025-04-13 12:00:00,0.7089731
2025-04-13 13:00:00,0.75368774
2025-04-13 14:00:00,0.73684204
2025-04-13 15:00:00,0.5940764
2025-04-13 16:00:00,0.41426465
2025-04-13 17:00:00,0.3231321
2025-04-13 18:00:00,0.27529895
2025-04-13 19:00:00,0.2276316
2025-04-13 20:00:00,0.18006827
2025-04-13 21:00:00,0.14739023
2025-04-13 22:00:00,0.28764373
2025-04-13 23:00:00,0.52714735
2025-04-14 00:00:00,0.6887345
2025-04-14 01:00:00,0.7335251
2025-04-14 02:00:00,0.6971895
2025-04-14 03:00:00,0.5412033
2025-04-14 04:00:00,0.36535785
2025-04-14 05:00:00,0.28705114
2025-04-14 06:00:00,0.23828709
2025-04-14 07:00:00,0.19502895
2025-04-14 08:00:00,0.14764686
2025-04-14 09:00:00,0.10721132
2025-04-14 10:00:00,0.22342022
2025-04-14 11:00:00,0.4952226
2025-04-14 12:00:00,0.6760228
2025-04-14 13:00:00,0.7412882
2025-04-14 14:00:00,0.7596292
2025-04-14 15:00:00,0.6878932
2025-04-14 16:00:00,0.4979097
2025-04-14 17:00:00,0.3639545
2025-04-14 18:00:00,0.29946527
2025-04-14 19:00:00,0.25039384
2025-04-14 20:00:00,0.20358187
2025-04-14 21:00:00,0.15546048
2025-04-14 22:00:00,0.16842076
2025-04-14 23:00:00,0.39984325
2025-04-15 00:00:00,0.60619736
2025-04-15 01:00:00,0.7058761
2025-04-15 02:00:00,0.69978565
2025-04-15 03:00:00,0.5963088
2025-04-15 04:00:00,0.40903467
2025-04-15 05:00:00,0.2999261
2025-04-15 06:00:00,0.24794813
2025-04-15 07:00:00,0.20667176
2025-04-15 08:00:00,0.16158709
2025-04-15 09:00:00,0.11032422
2025-04-15 10:00:00,0.12611146
2025-04-15 11:00:00,0.37948024
2025-04-15 12:00:00,0.5968284
